He is	5.53
I am	5.53
very cold	3.4004962
very cool	3.4004962
